<?xml version="1.0" encoding="utf-8"?>
<helpItems schema="maml" xmlns="http://msh">
  <command:command xmlns:maml="http://schemas.microsoft.com/maml/2004/10" xmlns:command="http://schemas.microsoft.com/maml/dev/command/2004/10" xmlns:dev="http://schemas.microsoft.com/maml/dev/2004/10" xmlns:MSHelp="http://msdn.microsoft.com/mshelp">
    <command:details>
      <command:name>Find-DomainController</command:name>
      <command:verb>Find</command:verb>
      <command:noun>DomainController</command:noun>
      <maml:description>
        <maml:para>Finds an Active Directory domain controller.</maml:para>
      </maml:description>
    </command:details>
    <maml:description>
      <maml:para>The Find-DomainController function is used to find an Active Directory domain controller. It returns a DomainController object that represents the found domain controller.</maml:para>
    </maml:description>
    <command:syntax>
      <command:syntaxItem>
        <maml:name>Find-DomainController</maml:name>
        <command:parameter required="true" variableLength="true" globbing="false" pipelineInput="False" position="1" aliases="none">
          <maml:name>DomainName</maml:name>
          <maml:description>
            <maml:para>Specifies the fully qualified domain name.</maml:para>
          </maml:description>
          <command:parameterValue required="true" variableLength="false">String</command:parameterValue>
          <dev:type>
            <maml:name>String</maml:name>
            <maml:uri />
          </dev:type>
          <dev:defaultValue>None</dev:defaultValue>
        </command:parameter>
        <command:parameter required="false" variableLength="true" globbing="false" pipelineInput="False" position="2" aliases="none">
          <maml:name>SiteName</maml:name>
          <maml:description>
            <maml:para>Specifies the site in the domain where to look for a domain controller.</maml:para>
          </maml:description>
          <command:parameterValue required="true" variableLength="false">String</command:parameterValue>
          <dev:type>
            <maml:name>String</maml:name>
            <maml:uri />
          </dev:type>
          <dev:defaultValue>None</dev:defaultValue>
        </command:parameter>
        <command:parameter required="false" variableLength="true" globbing="false" pipelineInput="False" position="3" aliases="none">
          <maml:name>Credential</maml:name>
          <maml:description>
            <maml:para>Specifies the credentials to use when accessing the domain, or use the current user if not specified.</maml:para>
          </maml:description>
          <command:parameterValue required="true" variableLength="false">PSCredential</command:parameterValue>
          <dev:type>
            <maml:name>PSCredential</maml:name>
            <maml:uri />
          </dev:type>
          <dev:defaultValue>None</dev:defaultValue>
        </command:parameter>
        <command:parameter required="false" variableLength="true" globbing="false" pipelineInput="False" position="named" aliases="proga">
          <maml:name>ProgressAction</maml:name>
          <maml:description>
            <maml:para>{{ Fill ProgressAction Description }}</maml:para>
          </maml:description>
          <command:parameterValue required="true" variableLength="false">ActionPreference</command:parameterValue>
          <dev:type>
            <maml:name>ActionPreference</maml:name>
            <maml:uri />
          </dev:type>
          <dev:defaultValue>None</dev:defaultValue>
        </command:parameter>
        <command:parameter required="false" variableLength="true" globbing="false" pipelineInput="False" position="named" aliases="none">
          <maml:name>WaitForValidCredentials</maml:name>
          <maml:description>
            <maml:para>Specifies if authentication exceptions should be ignored.</maml:para>
          </maml:description>
          <dev:type>
            <maml:name>SwitchParameter</maml:name>
            <maml:uri />
          </dev:type>
          <dev:defaultValue>False</dev:defaultValue>
        </command:parameter>
      </command:syntaxItem>
    </command:syntax>
    <command:parameters>
      <command:parameter required="false" variableLength="true" globbing="false" pipelineInput="False" position="3" aliases="none">
        <maml:name>Credential</maml:name>
        <maml:description>
          <maml:para>Specifies the credentials to use when accessing the domain, or use the current user if not specified.</maml:para>
        </maml:description>
        <command:parameterValue required="true" variableLength="false">PSCredential</command:parameterValue>
        <dev:type>
          <maml:name>PSCredential</maml:name>
          <maml:uri />
        </dev:type>
        <dev:defaultValue>None</dev:defaultValue>
      </command:parameter>
      <command:parameter required="true" variableLength="true" globbing="false" pipelineInput="False" position="1" aliases="none">
        <maml:name>DomainName</maml:name>
        <maml:description>
          <maml:para>Specifies the fully qualified domain name.</maml:para>
        </maml:description>
        <command:parameterValue required="true" variableLength="false">String</command:parameterValue>
        <dev:type>
          <maml:name>String</maml:name>
          <maml:uri />
        </dev:type>
        <dev:defaultValue>None</dev:defaultValue>
      </command:parameter>
      <command:parameter required="false" variableLength="true" globbing="false" pipelineInput="False" position="named" aliases="proga">
        <maml:name>ProgressAction</maml:name>
        <maml:description>
          <maml:para>{{ Fill ProgressAction Description }}</maml:para>
        </maml:description>
        <command:parameterValue required="true" variableLength="false">ActionPreference</command:parameterValue>
        <dev:type>
          <maml:name>ActionPreference</maml:name>
          <maml:uri />
        </dev:type>
        <dev:defaultValue>None</dev:defaultValue>
      </command:parameter>
      <command:parameter required="false" variableLength="true" globbing="false" pipelineInput="False" position="2" aliases="none">
        <maml:name>SiteName</maml:name>
        <maml:description>
          <maml:para>Specifies the site in the domain where to look for a domain controller.</maml:para>
        </maml:description>
        <command:parameterValue required="true" variableLength="false">String</command:parameterValue>
        <dev:type>
          <maml:name>String</maml:name>
          <maml:uri />
        </dev:type>
        <dev:defaultValue>None</dev:defaultValue>
      </command:parameter>
      <command:parameter required="false" variableLength="true" globbing="false" pipelineInput="False" position="named" aliases="none">
        <maml:name>WaitForValidCredentials</maml:name>
        <maml:description>
          <maml:para>Specifies if authentication exceptions should be ignored.</maml:para>
        </maml:description>
        <command:parameterValue required="false" variableLength="false">SwitchParameter</command:parameterValue>
        <dev:type>
          <maml:name>SwitchParameter</maml:name>
          <maml:uri />
        </dev:type>
        <dev:defaultValue>False</dev:defaultValue>
      </command:parameter>
    </command:parameters>
    <command:inputTypes>
      <command:inputType>
        <dev:type>
          <maml:name>None</maml:name>
        </dev:type>
        <maml:description>
          <maml:para></maml:para>
        </maml:description>
      </command:inputType>
    </command:inputTypes>
    <command:returnValues>
      <command:returnValue>
        <dev:type>
          <maml:name>System.DirectoryServices.ActiveDirectory.DomainController</maml:name>
        </dev:type>
        <maml:description>
          <maml:para></maml:para>
        </maml:description>
      </command:returnValue>
    </command:returnValues>
    <maml:alertSet>
      <maml:alert>
        <maml:para>This function is designed so that it can run on any computer without having the ActiveDirectory module installed.</maml:para>
      </maml:alert>
    </maml:alertSet>
    <command:examples>
      <command:example>
        <maml:title>-------------------------- EXAMPLE 1 --------------------------</maml:title>
        <dev:code>Find-DomainController -DomainName contoso.com -SiteName Default -WaitForValidCredentials</dev:code>
        <dev:remarks>
          <maml:para></maml:para>
        </dev:remarks>
      </command:example>
    </command:examples>
    <command:relatedLinks />
  </command:command>
</helpItems>
